"arm","outcome","truth","estimate","error","relative_error_percent"
"control","pf_years",2.25565037242259,2.34814623532614,0.0924958629035442,4.10062942530418
"control","pd_years",2.21305760884445,2.07866465539286,-0.134392953451585,-6.07272729433188
"control","life_years",4.46870798126704,4.426810890719,-0.0418970905480416,-0.937566086745323
"control","qaly",2.73263642326727,2.72878250748824,-0.00385391577903738,-0.141032877488667
"control","state_cost",215108.59656506,207630.182688159,-7478.41387690089,-3.47657601617006
"treatment","pf_years",3.57804906706079,3.5558968394847,-0.0221522275760919,-0.61911469521263
"treatment","pd_years",2.98335624138465,3.01149067599977,0.0281344346151142,0.94304643290124
"treatment","life_years",6.56140530844544,6.56738751548446,0.00598220703902186,0.0911726491171327
"treatment","qaly",3.91737390872003,3.92202189245173,0.00464798373169639,0.118650500054396
"treatment","state_cost",290488.817315921,292970.15954161,2481.34222568874,0.854195438095018
